case_name,repeat,mode,schedule,merge,sync,processes,threads,trials,steps,batch_size,queue_size,ipc,workload,skew_factor,pre_work,post_work,time_total,time_pre,time_compute,time_sync,time_ipc,time_merge,time_post,speedup,efficiency,sequential_fraction_estimate,compute_ratio,sync_overhead_ratio,ipc_overhead_ratio,merge_overhead_ratio,throughput_batches_per_sec,total_trials,collision_count,hist_sum,checksum,valid,lock_wait_count,cond_wait_count,queue_push_count,queue_pop_count,ipc_write_count,ipc_read_count,ipc_bytes,notes,profile,inner_work
seq_process_friendly,1,seq,static,final,reduce,2,4,100000,50,1000,1024,pipe,uniform,8,0,0,0.889081,0.000000,0.889080,0.000000,0.000000,0.000000,0.000000,0.000000,0.000000,0.000000,1.000000,0.000000,0.000000,0.000000,0.000000,100000,52836,100000,14056519412120161236,1,0,0,0,0,0,0,0,ok,process_friendly,2000
process_1_shm_process_friendly,1,process,static,final,reduce,1,4,100000,50,1000,1024,shm,uniform,8,0,0,0.864090,0.000000,0.864078,0.000000,0.000000,0.000000,0.000000,0.000000,0.000000,0.000000,0.999986,0.000000,0.000000,0.000000,1.157286,100000,52836,100000,14056519412120161236,1,0,0,0,0,0,1,64,ok,process_friendly,2000
process_1_pipe_process_friendly,1,process,static,final,reduce,1,4,100000,50,1000,1024,pipe,uniform,8,0,0,0.863556,0.000000,0.863541,0.000000,0.000005,0.000000,0.000000,0.000000,0.000000,0.000006,0.999982,0.000000,0.000006,0.000000,1.158002,100000,52836,100000,14056519412120161236,1,0,0,0,0,0,1,64,ok,process_friendly,2000
process_2_shm_process_friendly,1,process,static,final,reduce,2,4,100000,50,1000,1024,shm,uniform,8,0,0,0.444362,0.000000,0.444340,0.000000,0.000000,0.000000,0.000000,0.000000,0.000000,0.000001,0.999951,0.000000,0.000000,0.000000,4.500837,100000,52836,100000,14056519412120161236,1,0,0,0,0,0,2,128,ok,process_friendly,2000
process_2_pipe_process_friendly,1,process,static,final,reduce,2,4,100000,50,1000,1024,pipe,uniform,8,0,0,0.435105,0.000000,0.435071,0.000000,0.000003,0.000000,0.000000,0.000000,0.000000,0.000008,0.999922,0.000000,0.000008,0.000000,4.596590,100000,52836,100000,14056519412120161236,1,0,0,0,0,0,2,128,ok,process_friendly,2000
process_4_shm_process_friendly,1,process,static,final,reduce,4,4,100000,50,1000,1024,shm,uniform,8,0,0,0.235412,0.000000,0.235398,0.000000,0.000000,0.000000,0.000000,0.000000,0.000000,0.000003,0.999940,0.000000,0.000001,0.000001,16.991490,100000,52836,100000,14056519412120161236,1,0,0,0,0,0,4,256,ok,process_friendly,2000
process_4_pipe_process_friendly,1,process,static,final,reduce,4,4,100000,50,1000,1024,pipe,uniform,8,0,0,0.235633,0.000000,0.235617,0.000000,0.000003,0.000000,0.000000,0.000000,0.000000,0.000017,0.999933,0.000000,0.000014,0.000001,16.975533,100000,52836,100000,14056519412120161236,1,0,0,0,0,0,4,256,ok,process_friendly,2000
thread_4_reduce_process_friendly,1,thread,static,final,reduce,2,4,100000,50,1000,1024,pipe,uniform,8,0,0,0.244448,0.000000,0.244442,0.000000,0.000000,0.000000,0.000000,0.000000,0.000000,0.000002,0.999979,0.000000,0.000000,0.000001,0.000000,100000,52836,100000,14056519412120161236,1,0,0,0,0,0,0,0,ok,process_friendly,2000
seq_thread_friendly,1,seq,static,final,reduce,2,4,100000,50,1000,1024,pipe,uniform,8,0,0,0.034139,0.000000,0.034139,0.000000,0.000000,0.000000,0.000000,0.000000,0.000000,0.000006,0.999989,0.000000,0.000000,0.000000,0.000000,100000,52836,100000,14056519412120161236,1,0,0,0,0,0,0,0,ok,thread_friendly,64
thread_1_reduce_thread_friendly,1,thread,static,final,reduce,2,1,100000,50,1000,1024,pipe,uniform,8,0,0,0.034513,0.000000,0.034509,0.000000,0.000000,0.000000,0.000000,0.000000,0.000000,0.000014,0.999884,0.000000,0.000000,0.000007,0.000000,100000,52836,100000,14056519412120161236,1,0,0,0,0,0,0,0,ok,thread_friendly,64
thread_2_reduce_thread_friendly,1,thread,static,final,reduce,2,2,100000,50,1000,1024,pipe,uniform,8,0,0,0.018102,0.000000,0.018097,0.000000,0.000000,0.000000,0.000000,0.000000,0.000000,0.000041,0.999774,0.000000,0.000000,0.000012,0.000000,100000,52836,100000,14056519412120161236,1,0,0,0,0,0,0,0,ok,thread_friendly,64
thread_4_reduce_thread_friendly,1,thread,static,final,reduce,2,4,100000,50,1000,1024,pipe,uniform,8,0,0,0.009702,0.000000,0.009699,0.000000,0.000000,0.000000,0.000000,0.000000,0.000000,0.000039,0.999644,0.000000,0.000000,0.000017,0.000000,100000,52836,100000,14056519412120161236,1,0,0,0,0,0,0,0,ok,thread_friendly,64
thread_8_reduce_thread_friendly,1,thread,static,final,reduce,2,8,100000,50,1000,1024,pipe,uniform,8,0,0,0.008052,0.000000,0.008049,0.000000,0.000000,0.000000,0.000000,0.000000,0.000000,0.000036,0.999550,0.000000,0.000000,0.000021,0.000000,100000,52836,100000,14056519412120161236,1,0,0,0,0,0,0,0,ok,thread_friendly,64
process_4_shm_thread_friendly,1,process,static,final,reduce,4,4,100000,50,1000,1024,shm,uniform,8,0,0,0.011043,0.000000,0.011026,0.000000,0.000001,0.000000,0.000000,0.000000,0.000000,0.000113,0.998457,0.000000,0.000079,0.000011,362.232712,100000,52836,100000,14056519412120161236,1,0,0,0,0,0,4,256,ok,thread_friendly,64
hybrid_2x2_process_friendly,1,hybrid,static,final,reduce,2,2,100000,50,1000,1024,shm,uniform,8,0,0,0.251881,0.000000,0.251865,0.000000,0.000000,0.000000,0.000000,0.000000,0.000000,0.000002,0.999937,0.000000,0.000000,0.000000,7.940251,100000,52836,100000,14056519412120161236,1,0,0,0,0,0,2,128,ok,process_friendly,2000
hybrid_2x4_process_friendly,1,hybrid,static,final,reduce,2,4,100000,50,1000,1024,shm,uniform,8,0,0,0.156798,0.000000,0.156777,0.000000,0.000000,0.000000,0.000000,0.000000,0.000000,0.000005,0.999870,0.000000,0.000001,0.000000,12.755278,100000,52836,100000,14056519412120161236,1,0,0,0,0,0,2,128,ok,process_friendly,2000
hybrid_4x2_process_friendly,1,hybrid,static,final,reduce,4,2,100000,50,1000,1024,shm,uniform,8,0,0,0.147538,0.000000,0.147516,0.000000,0.000000,0.000000,0.000000,0.000000,0.000000,0.000005,0.999851,0.000000,0.000001,0.000001,27.111613,100000,52836,100000,14056519412120161236,1,0,0,0,0,0,4,256,ok,process_friendly,2000
seq_process_friendly,2,seq,static,final,reduce,2,4,100000,50,1000,1024,pipe,uniform,8,0,0,0.865538,0.000000,0.865537,0.000000,0.000000,0.000000,0.000000,0.000000,0.000000,0.000000,0.999999,0.000000,0.000000,0.000000,0.000000,100000,52836,100000,14056519412120161236,1,0,0,0,0,0,0,0,ok,process_friendly,2000
process_1_shm_process_friendly,2,process,static,final,reduce,1,4,100000,50,1000,1024,shm,uniform,8,0,0,0.856847,0.000000,0.856828,0.000000,0.000000,0.000000,0.000000,0.000000,0.000000,0.000001,0.999978,0.000000,0.000000,0.000000,1.167069,100000,52836,100000,14056519412120161236,1,0,0,0,0,0,1,64,ok,process_friendly,2000
process_1_pipe_process_friendly,2,process,static,final,reduce,1,4,100000,50,1000,1024,pipe,uniform,8,0,0,0.844036,0.000000,0.844019,0.000000,0.000004,0.000000,0.000000,0.000000,0.000000,0.000005,0.999980,0.000000,0.000005,0.000000,1.184784,100000,52836,100000,14056519412120161236,1,0,0,0,0,0,1,64,ok,process_friendly,2000
process_2_shm_process_friendly,2,process,static,final,reduce,2,4,100000,50,1000,1024,shm,uniform,8,0,0,0.434267,0.000000,0.434249,0.000000,0.000000,0.000000,0.000000,0.000000,0.000000,0.000001,0.999957,0.000000,0.000000,0.000000,4.605459,100000,52836,100000,14056519412120161236,1,0,0,0,0,0,2,128,ok,process_friendly,2000
process_2_pipe_process_friendly,2,process,static,final,reduce,2,4,100000,50,1000,1024,pipe,uniform,8,0,0,0.434529,0.000000,0.434508,0.000000,0.000004,0.000000,0.000000,0.000000,0.000000,0.000009,0.999952,0.000000,0.000009,0.000000,4.602687,100000,52836,100000,14056519412120161236,1,0,0,0,0,0,2,128,ok,process_friendly,2000
process_4_shm_process_friendly,2,process,static,final,reduce,4,4,100000,50,1000,1024,shm,uniform,8,0,0,0.240370,0.000000,0.240347,0.000000,0.000000,0.000000,0.000000,0.000000,0.000000,0.000003,0.999902,0.000000,0.000001,0.000001,16.641012,100000,52836,100000,14056519412120161236,1,0,0,0,0,0,4,256,ok,process_friendly,2000
process_4_pipe_process_friendly,2,process,static,final,reduce,4,4,100000,50,1000,1024,pipe,uniform,8,0,0,0.256628,0.000000,0.256607,0.000000,0.000005,0.000000,0.000000,0.000000,0.000000,0.000021,0.999916,0.000000,0.000019,0.000000,15.586749,100000,52836,100000,14056519412120161236,1,0,0,0,0,0,4,256,ok,process_friendly,2000
thread_4_reduce_process_friendly,2,thread,static,final,reduce,2,4,100000,50,1000,1024,pipe,uniform,8,0,0,0.241682,0.000000,0.241677,0.000000,0.000000,0.000000,0.000000,0.000000,0.000000,0.000002,0.999981,0.000000,0.000000,0.000001,0.000000,100000,52836,100000,14056519412120161236,1,0,0,0,0,0,0,0,ok,process_friendly,2000
seq_thread_friendly,2,seq,static,final,reduce,2,4,100000,50,1000,1024,pipe,uniform,8,0,0,0.033904,0.000000,0.033904,0.000000,0.000000,0.000000,0.000000,0.000000,0.000000,0.000009,0.999988,0.000000,0.000000,0.000000,0.000000,100000,52836,100000,14056519412120161236,1,0,0,0,0,0,0,0,ok,thread_friendly,64
thread_1_reduce_thread_friendly,2,thread,static,final,reduce,2,1,100000,50,1000,1024,pipe,uniform,8,0,0,0.033166,0.000000,0.033163,0.000000,0.000000,0.000000,0.000000,0.000000,0.000000,0.000014,0.999896,0.000000,0.000000,0.000004,0.000000,100000,52836,100000,14056519412120161236,1,0,0,0,0,0,0,0,ok,thread_friendly,64
thread_2_reduce_thread_friendly,2,thread,static,final,reduce,2,2,100000,50,1000,1024,pipe,uniform,8,0,0,0.017285,0.000000,0.017282,0.000000,0.000000,0.000000,0.000000,0.000000,0.000000,0.000024,0.999790,0.000000,0.000000,0.000010,0.000000,100000,52836,100000,14056519412120161236,1,0,0,0,0,0,0,0,ok,thread_friendly,64
thread_4_reduce_thread_friendly,2,thread,static,final,reduce,2,4,100000,50,1000,1024,pipe,uniform,8,0,0,0.010268,0.000000,0.010264,0.000000,0.000000,0.000000,0.000000,0.000000,0.000000,0.000024,0.999635,0.000000,0.000000,0.000016,0.000000,100000,52836,100000,14056519412120161236,1,0,0,0,0,0,0,0,ok,thread_friendly,64
thread_8_reduce_thread_friendly,2,thread,static,final,reduce,2,8,100000,50,1000,1024,pipe,uniform,8,0,0,0.008672,0.000000,0.008669,0.000000,0.000000,0.000000,0.000000,0.000000,0.000000,0.000034,0.999558,0.000000,0.000000,0.000014,0.000000,100000,52836,100000,14056519412120161236,1,0,0,0,0,0,0,0,ok,thread_friendly,64
process_4_shm_thread_friendly,2,process,static,final,reduce,4,4,100000,50,1000,1024,shm,uniform,8,0,0,0.011923,0.000000,0.011908,0.000000,0.000001,0.000000,0.000000,0.000000,0.000000,0.000126,0.998794,0.000000,0.000070,0.000014,335.494224,100000,52836,100000,14056519412120161236,1,0,0,0,0,0,4,256,ok,thread_friendly,64
hybrid_2x2_process_friendly,2,hybrid,static,final,reduce,2,2,100000,50,1000,1024,shm,uniform,8,0,0,0.241970,0.000000,0.241957,0.000000,0.000000,0.000000,0.000000,0.000000,0.000000,0.000002,0.999944,0.000000,0.000001,0.000000,8.265477,100000,52836,100000,14056519412120161236,1,0,0,0,0,0,2,128,ok,process_friendly,2000
hybrid_2x4_process_friendly,2,hybrid,static,final,reduce,2,4,100000,50,1000,1024,shm,uniform,8,0,0,0.148571,0.000000,0.148557,0.000000,0.000000,0.000000,0.000000,0.000000,0.000000,0.000003,0.999902,0.000000,0.000001,0.000000,13.461555,100000,52836,100000,14056519412120161236,1,0,0,0,0,0,2,128,ok,process_friendly,2000
hybrid_4x2_process_friendly,2,hybrid,static,final,reduce,4,2,100000,50,1000,1024,shm,uniform,8,0,0,0.153681,0.000000,0.153669,0.000000,0.000000,0.000000,0.000000,0.000000,0.000000,0.000004,0.999920,0.000000,0.000001,0.000001,26.027962,100000,52836,100000,14056519412120161236,1,0,0,0,0,0,4,256,ok,process_friendly,2000
seq_process_friendly,3,seq,static,final,reduce,2,4,100000,50,1000,1024,pipe,uniform,8,0,0,0.848154,0.000000,0.848154,0.000000,0.000000,0.000000,0.000001,0.000000,0.000000,0.000001,0.999999,0.000000,0.000000,0.000000,0.000000,100000,52836,100000,14056519412120161236,1,0,0,0,0,0,0,0,ok,process_friendly,2000
process_1_shm_process_friendly,3,process,static,final,reduce,1,4,100000,50,1000,1024,shm,uniform,8,0,0,0.869998,0.000000,0.869982,0.000000,0.000000,0.000000,0.000000,0.000000,0.000000,0.000000,0.999982,0.000000,0.000000,0.000000,1.149427,100000,52836,100000,14056519412120161236,1,0,0,0,0,0,1,64,ok,process_friendly,2000
process_1_pipe_process_friendly,3,process,static,final,reduce,1,4,100000,50,1000,1024,pipe,uniform,8,0,0,0.843957,0.000000,0.843941,0.000000,0.000003,0.000000,0.000000,0.000000,0.000000,0.000004,0.999981,0.000000,0.000004,0.000000,1.184895,100000,52836,100000,14056519412120161236,1,0,0,0,0,0,1,64,ok,process_friendly,2000
process_2_shm_process_friendly,3,process,static,final,reduce,2,4,100000,50,1000,1024,shm,uniform,8,0,0,0.440217,0.000000,0.440205,0.000000,0.000000,0.000000,0.000000,0.000000,0.000000,0.000002,0.999973,0.000000,0.000001,0.000000,4.543210,100000,52836,100000,14056519412120161236,1,0,0,0,0,0,2,128,ok,process_friendly,2000
process_2_pipe_process_friendly,3,process,static,final,reduce,2,4,100000,50,1000,1024,pipe,uniform,8,0,0,0.430023,0.000000,0.430005,0.000000,0.000004,0.000000,0.000000,0.000000,0.000000,0.000009,0.999957,0.000000,0.000008,0.000000,4.650910,100000,52836,100000,14056519412120161236,1,0,0,0,0,0,2,128,ok,process_friendly,2000
process_4_shm_process_friendly,3,process,static,final,reduce,4,4,100000,50,1000,1024,shm,uniform,8,0,0,0.254780,0.000000,0.254763,0.000000,0.000000,0.000000,0.000000,0.000000,0.000000,0.000002,0.999931,0.000000,0.000000,0.000000,15.699804,100000,52836,100000,14056519412120161236,1,0,0,0,0,0,4,256,ok,process_friendly,2000
process_4_pipe_process_friendly,3,process,static,final,reduce,4,4,100000,50,1000,1024,pipe,uniform,8,0,0,0.239715,0.000000,0.239698,0.000000,0.000004,0.000000,0.000000,0.000000,0.000000,0.000018,0.999925,0.000000,0.000015,0.000000,16.686450,100000,52836,100000,14056519412120161236,1,0,0,0,0,0,4,256,ok,process_friendly,2000
thread_4_reduce_process_friendly,3,thread,static,final,reduce,2,4,100000,50,1000,1024,pipe,uniform,8,0,0,0.242767,0.000000,0.242761,0.000000,0.000000,0.000000,0.000000,0.000000,0.000000,0.000002,0.999976,0.000000,0.000000,0.000001,0.000000,100000,52836,100000,14056519412120161236,1,0,0,0,0,0,0,0,ok,process_friendly,2000
seq_thread_friendly,3,seq,static,final,reduce,2,4,100000,50,1000,1024,pipe,uniform,8,0,0,0.034139,0.000000,0.034138,0.000000,0.000000,0.000000,0.000000,0.000000,0.000000,0.000010,0.999987,0.000000,0.000000,0.000000,0.000000,100000,52836,100000,14056519412120161236,1,0,0,0,0,0,0,0,ok,thread_friendly,64
thread_1_reduce_thread_friendly,3,thread,static,final,reduce,2,1,100000,50,1000,1024,pipe,uniform,8,0,0,0.033813,0.000000,0.033809,0.000000,0.000000,0.000000,0.000000,0.000000,0.000000,0.000012,0.999874,0.000000,0.000000,0.000007,0.000000,100000,52836,100000,14056519412120161236,1,0,0,0,0,0,0,0,ok,thread_friendly,64
thread_2_reduce_thread_friendly,3,thread,static,final,reduce,2,2,100000,50,1000,1024,pipe,uniform,8,0,0,0.017482,0.000000,0.017475,0.000000,0.000000,0.000000,0.000000,0.000000,0.000000,0.000019,0.999576,0.000000,0.000000,0.000007,0.000000,100000,52836,100000,14056519412120161236,1,0,0,0,0,0,0,0,ok,thread_friendly,64
thread_4_reduce_thread_friendly,3,thread,static,final,reduce,2,4,100000,50,1000,1024,pipe,uniform,8,0,0,0.009173,0.000000,0.009170,0.000000,0.000000,0.000000,0.000000,0.000000,0.000000,0.000023,0.999682,0.000000,0.000000,0.000009,0.000000,100000,52836,100000,14056519412120161236,1,0,0,0,0,0,0,0,ok,thread_friendly,64
thread_8_reduce_thread_friendly,3,thread,static,final,reduce,2,8,100000,50,1000,1024,pipe,uniform,8,0,0,0.007018,0.000000,0.007014,0.000000,0.000000,0.000000,0.000000,0.000000,0.000000,0.000036,0.999424,0.000000,0.000000,0.000018,0.000000,100000,52836,100000,14056519412120161236,1,0,0,0,0,0,0,0,ok,thread_friendly,64
process_4_shm_thread_friendly,3,process,static,final,reduce,4,4,100000,50,1000,1024,shm,uniform,8,0,0,0.009274,0.000000,0.009264,0.000000,0.000000,0.000000,0.000000,0.000000,0.000000,0.000022,0.998953,0.000000,0.000009,0.000005,431.321116,100000,52836,100000,14056519412120161236,1,0,0,0,0,0,4,256,ok,thread_friendly,64
hybrid_2x2_process_friendly,3,hybrid,static,final,reduce,2,2,100000,50,1000,1024,shm,uniform,8,0,0,0.240923,0.000000,0.240908,0.000000,0.000000,0.000000,0.000000,0.000000,0.000000,0.000002,0.999938,0.000000,0.000001,0.000001,8.301399,100000,52836,100000,14056519412120161236,1,0,0,0,0,0,2,128,ok,process_friendly,2000
hybrid_2x4_process_friendly,3,hybrid,static,final,reduce,2,4,100000,50,1000,1024,shm,uniform,8,0,0,0.152021,0.000000,0.152009,0.000000,0.000000,0.000000,0.000000,0.000000,0.000000,0.000005,0.999925,0.000000,0.000001,0.000001,13.156113,100000,52836,100000,14056519412120161236,1,0,0,0,0,0,2,128,ok,process_friendly,2000
hybrid_4x2_process_friendly,3,hybrid,static,final,reduce,4,2,100000,50,1000,1024,shm,uniform,8,0,0,0.150391,0.000000,0.150376,0.000000,0.000000,0.000000,0.000000,0.000000,0.000000,0.000006,0.999905,0.000000,0.000001,0.000001,26.597425,100000,52836,100000,14056519412120161236,1,0,0,0,0,0,4,256,ok,process_friendly,2000
seq_process_friendly,4,seq,static,final,reduce,2,4,100000,50,1000,1024,pipe,uniform,8,0,0,0.850902,0.000000,0.850901,0.000000,0.000000,0.000000,0.000000,0.000000,0.000000,0.000000,0.999999,0.000000,0.000000,0.000000,0.000000,100000,52836,100000,14056519412120161236,1,0,0,0,0,0,0,0,ok,process_friendly,2000
process_1_shm_process_friendly,4,process,static,final,reduce,1,4,100000,50,1000,1024,shm,uniform,8,0,0,0.845790,0.000000,0.845766,0.000000,0.000000,0.000000,0.000000,0.000000,0.000000,0.000001,0.999971,0.000000,0.000000,0.000000,1.182326,100000,52836,100000,14056519412120161236,1,0,0,0,0,0,1,64,ok,process_friendly,2000
process_1_pipe_process_friendly,4,process,static,final,reduce,1,4,100000,50,1000,1024,pipe,uniform,8,0,0,0.857676,0.000000,0.857648,0.000000,0.000003,0.000000,0.000000,0.000000,0.000000,0.000005,0.999968,0.000000,0.000004,0.000000,1.165942,100000,52836,100000,14056519412120161236,1,0,0,0,0,0,1,64,ok,process_friendly,2000
process_2_shm_process_friendly,4,process,static,final,reduce,2,4,100000,50,1000,1024,shm,uniform,8,0,0,0.444054,0.000000,0.444040,0.000000,0.000000,0.000000,0.000000,0.000000,0.000000,0.000002,0.999967,0.000000,0.000001,0.000000,4.503957,100000,52836,100000,14056519412120161236,1,0,0,0,0,0,2,128,ok,process_friendly,2000
process_2_pipe_process_friendly,4,process,static,final,reduce,2,4,100000,50,1000,1024,pipe,uniform,8,0,0,0.439215,0.000000,0.439198,0.000000,0.000004,0.000000,0.000000,0.000000,0.000000,0.000009,0.999963,0.000000,0.000008,0.000000,4.553581,100000,52836,100000,14056519412120161236,1,0,0,0,0,0,2,128,ok,process_friendly,2000
process_4_shm_process_friendly,4,process,static,final,reduce,4,4,100000,50,1000,1024,shm,uniform,8,0,0,0.238265,0.000000,0.238250,0.000000,0.000000,0.000000,0.000000,0.000000,0.000000,0.000003,0.999938,0.000000,0.000001,0.000001,16.788042,100000,52836,100000,14056519412120161236,1,0,0,0,0,0,4,256,ok,process_friendly,2000
process_4_pipe_process_friendly,4,process,static,final,reduce,4,4,100000,50,1000,1024,pipe,uniform,8,0,0,0.235569,0.000000,0.235549,0.000000,0.000004,0.000002,0.000000,0.000000,0.000000,0.000026,0.999915,0.000000,0.000017,0.000007,16.980181,100000,52836,100000,14056519412120161236,1,0,0,0,0,0,4,256,ok,process_friendly,2000
thread_4_reduce_process_friendly,4,thread,static,final,reduce,2,4,100000,50,1000,1024,pipe,uniform,8,0,0,0.240923,0.000000,0.240918,0.000000,0.000000,0.000000,0.000000,0.000000,0.000000,0.000002,0.999978,0.000000,0.000000,0.000001,0.000000,100000,52836,100000,14056519412120161236,1,0,0,0,0,0,0,0,ok,process_friendly,2000
seq_thread_friendly,4,seq,static,final,reduce,2,4,100000,50,1000,1024,pipe,uniform,8,0,0,0.032819,0.000000,0.032819,0.000000,0.000000,0.000000,0.000000,0.000000,0.000000,0.000005,0.999992,0.000000,0.000000,0.000000,0.000000,100000,52836,100000,14056519412120161236,1,0,0,0,0,0,0,0,ok,thread_friendly,64
thread_1_reduce_thread_friendly,4,thread,static,final,reduce,2,1,100000,50,1000,1024,pipe,uniform,8,0,0,0.032675,0.000000,0.032672,0.000000,0.000000,0.000000,0.000000,0.000000,0.000000,0.000006,0.999908,0.000000,0.000000,0.000004,0.000000,100000,52836,100000,14056519412120161236,1,0,0,0,0,0,0,0,ok,thread_friendly,64
thread_2_reduce_thread_friendly,4,thread,static,final,reduce,2,2,100000,50,1000,1024,pipe,uniform,8,0,0,0.017782,0.000000,0.017779,0.000000,0.000000,0.000000,0.000000,0.000000,0.000000,0.000016,0.999827,0.000000,0.000000,0.000012,0.000000,100000,52836,100000,14056519412120161236,1,0,0,0,0,0,0,0,ok,thread_friendly,64
thread_4_reduce_thread_friendly,4,thread,static,final,reduce,2,4,100000,50,1000,1024,pipe,uniform,8,0,0,0.010194,0.000000,0.010187,0.000000,0.000000,0.000000,0.000000,0.000000,0.000000,0.000053,0.999264,0.000000,0.000000,0.000033,0.000000,100000,52836,100000,14056519412120161236,1,0,0,0,0,0,0,0,ok,thread_friendly,64
thread_8_reduce_thread_friendly,4,thread,static,final,reduce,2,8,100000,50,1000,1024,pipe,uniform,8,0,0,0.007767,0.000000,0.007762,0.000000,0.000000,0.000000,0.000000,0.000000,0.000000,0.000059,0.999383,0.000000,0.000000,0.000027,0.000000,100000,52836,100000,14056519412120161236,1,0,0,0,0,0,0,0,ok,thread_friendly,64
process_4_shm_thread_friendly,4,process,static,final,reduce,4,4,100000,50,1000,1024,shm,uniform,8,0,0,0.010642,0.000000,0.010629,0.000000,0.000000,0.000000,0.000000,0.000000,0.000000,0.000039,0.998759,0.000000,0.000016,0.000008,375.851539,100000,52836,100000,14056519412120161236,1,0,0,0,0,0,4,256,ok,thread_friendly,64
hybrid_2x2_process_friendly,4,hybrid,static,final,reduce,2,2,100000,50,1000,1024,shm,uniform,8,0,0,0.242382,0.000000,0.242363,0.000000,0.000000,0.000000,0.000000,0.000000,0.000000,0.000004,0.999919,0.000000,0.000001,0.000000,8.251429,100000,52836,100000,14056519412120161236,1,0,0,0,0,0,2,128,ok,process_friendly,2000
hybrid_2x4_process_friendly,4,hybrid,static,final,reduce,2,4,100000,50,1000,1024,shm,uniform,8,0,0,0.148302,0.000000,0.148287,0.000000,0.000000,0.000000,0.000000,0.000000,0.000000,0.000006,0.999899,0.000000,0.000001,0.000000,13.485980,100000,52836,100000,14056519412120161236,1,0,0,0,0,0,2,128,ok,process_friendly,2000
hybrid_4x2_process_friendly,4,hybrid,static,final,reduce,4,2,100000,50,1000,1024,shm,uniform,8,0,0,0.148284,0.000000,0.148271,0.000000,0.000000,0.000000,0.000000,0.000000,0.000000,0.000004,0.999917,0.000000,0.000001,0.000001,26.975286,100000,52836,100000,14056519412120161236,1,0,0,0,0,0,4,256,ok,process_friendly,2000
seq_process_friendly,5,seq,static,final,reduce,2,4,100000,50,1000,1024,pipe,uniform,8,0,0,0.856322,0.000000,0.856321,0.000000,0.000000,0.000000,0.000000,0.000000,0.000000,0.000000,1.000000,0.000000,0.000000,0.000000,0.000000,100000,52836,100000,14056519412120161236,1,0,0,0,0,0,0,0,ok,process_friendly,2000
process_1_shm_process_friendly,5,process,static,final,reduce,1,4,100000,50,1000,1024,shm,uniform,8,0,0,0.858202,0.000000,0.858178,0.000000,0.000000,0.000000,0.000000,0.000000,0.000000,0.000001,0.999973,0.000000,0.000000,0.000000,1.165227,100000,52836,100000,14056519412120161236,1,0,0,0,0,0,1,64,ok,process_friendly,2000
process_1_pipe_process_friendly,5,process,static,final,reduce,1,4,100000,50,1000,1024,pipe,uniform,8,0,0,0.871157,0.000000,0.871140,0.000000,0.000004,0.000000,0.000000,0.000000,0.000000,0.000005,0.999980,0.000000,0.000005,0.000000,1.147899,100000,52836,100000,14056519412120161236,1,0,0,0,0,0,1,64,ok,process_friendly,2000
process_2_shm_process_friendly,5,process,static,final,reduce,2,4,100000,50,1000,1024,shm,uniform,8,0,0,0.439309,0.000000,0.439299,0.000000,0.000000,0.000000,0.000000,0.000000,0.000000,0.000001,0.999976,0.000000,0.000000,0.000000,4.552605,100000,52836,100000,14056519412120161236,1,0,0,0,0,0,2,128,ok,process_friendly,2000
process_2_pipe_process_friendly,5,process,static,final,reduce,2,4,100000,50,1000,1024,pipe,uniform,8,0,0,0.421553,0.000000,0.421536,0.000000,0.000003,0.000000,0.000000,0.000000,0.000000,0.000009,0.999958,0.000000,0.000008,0.000000,4.744361,100000,52836,100000,14056519412120161236,1,0,0,0,0,0,2,128,ok,process_friendly,2000
process_4_shm_process_friendly,5,process,static,final,reduce,4,4,100000,50,1000,1024,shm,uniform,8,0,0,0.233181,0.000000,0.233167,0.000000,0.000000,0.000000,0.000000,0.000000,0.000000,0.000003,0.999940,0.000000,0.000001,0.000001,17.154044,100000,52836,100000,14056519412120161236,1,0,0,0,0,0,4,256,ok,process_friendly,2000
process_4_pipe_process_friendly,5,process,static,final,reduce,4,4,100000,50,1000,1024,pipe,uniform,8,0,0,0.235893,0.000000,0.235875,0.000000,0.000004,0.000000,0.000000,0.000000,0.000000,0.000018,0.999923,0.000000,0.000016,0.000001,16.956841,100000,52836,100000,14056519412120161236,1,0,0,0,0,0,4,256,ok,process_friendly,2000
thread_4_reduce_process_friendly,5,thread,static,final,reduce,2,4,100000,50,1000,1024,pipe,uniform,8,0,0,0.236372,0.000000,0.236367,0.000000,0.000000,0.000000,0.000000,0.000000,0.000000,0.000003,0.999978,0.000000,0.000000,0.000001,0.000000,100000,52836,100000,14056519412120161236,1,0,0,0,0,0,0,0,ok,process_friendly,2000
seq_thread_friendly,5,seq,static,final,reduce,2,4,100000,50,1000,1024,pipe,uniform,8,0,0,0.033847,0.000000,0.033846,0.000000,0.000000,0.000000,0.000000,0.000000,0.000000,0.000014,0.999984,0.000000,0.000000,0.000000,0.000000,100000,52836,100000,14056519412120161236,1,0,0,0,0,0,0,0,ok,thread_friendly,64
thread_1_reduce_thread_friendly,5,thread,static,final,reduce,2,1,100000,50,1000,1024,pipe,uniform,8,0,0,0.032732,0.000000,0.032729,0.000000,0.000000,0.000000,0.000000,0.000000,0.000000,0.000006,0.999902,0.000000,0.000000,0.000004,0.000000,100000,52836,100000,14056519412120161236,1,0,0,0,0,0,0,0,ok,thread_friendly,64
thread_2_reduce_thread_friendly,5,thread,static,final,reduce,2,2,100000,50,1000,1024,pipe,uniform,8,0,0,0.016855,0.000000,0.016851,0.000000,0.000000,0.000000,0.000000,0.000000,0.000000,0.000017,0.999778,0.000000,0.000000,0.000010,0.000000,100000,52836,100000,14056519412120161236,1,0,0,0,0,0,0,0,ok,thread_friendly,64
thread_4_reduce_thread_friendly,5,thread,static,final,reduce,2,4,100000,50,1000,1024,pipe,uniform,8,0,0,0.009873,0.000000,0.009870,0.000000,0.000000,0.000000,0.000000,0.000000,0.000000,0.000030,0.999667,0.000000,0.000000,0.000017,0.000000,100000,52836,100000,14056519412120161236,1,0,0,0,0,0,0,0,ok,thread_friendly,64
thread_8_reduce_thread_friendly,5,thread,static,final,reduce,2,8,100000,50,1000,1024,pipe,uniform,8,0,0,0.007096,0.000000,0.007093,0.000000,0.000000,0.000000,0.000000,0.000000,0.000000,0.000035,0.999577,0.000000,0.000000,0.000018,0.000000,100000,52836,100000,14056519412120161236,1,0,0,0,0,0,0,0,ok,thread_friendly,64
process_4_shm_thread_friendly,5,process,static,final,reduce,4,4,100000,50,1000,1024,shm,uniform,8,0,0,0.009295,0.000000,0.009284,0.000000,0.000000,0.000000,0.000000,0.000000,0.000000,0.000018,0.998897,0.000000,0.000004,0.000005,430.352411,100000,52836,100000,14056519412120161236,1,0,0,0,0,0,4,256,ok,thread_friendly,64
hybrid_2x2_process_friendly,5,hybrid,static,final,reduce,2,2,100000,50,1000,1024,shm,uniform,8,0,0,0.233250,0.000000,0.233243,0.000000,0.000000,0.000000,0.000000,0.000000,0.000000,0.000002,0.999969,0.000000,0.000001,0.000000,8.574476,100000,52836,100000,14056519412120161236,1,0,0,0,0,0,2,128,ok,process_friendly,2000
hybrid_2x4_process_friendly,5,hybrid,static,final,reduce,2,4,100000,50,1000,1024,shm,uniform,8,0,0,0.153340,0.000000,0.153330,0.000000,0.000000,0.000000,0.000000,0.000000,0.000000,0.000004,0.999931,0.000000,0.000001,0.000001,13.042890,100000,52836,100000,14056519412120161236,1,0,0,0,0,0,2,128,ok,process_friendly,2000
hybrid_4x2_process_friendly,5,hybrid,static,final,reduce,4,2,100000,50,1000,1024,shm,uniform,8,0,0,0.189826,0.000000,0.189816,0.000000,0.000000,0.000000,0.000000,0.000000,0.000000,0.000004,0.999945,0.000000,0.000001,0.000000,21.071934,100000,52836,100000,14056519412120161236,1,0,0,0,0,0,4,256,ok,process_friendly,2000
