case_name,repeat,mode,schedule,merge,sync,processes,threads,trials,steps,batch_size,queue_size,ipc,workload,skew_factor,pre_work,post_work,time_total,time_pre,time_compute,time_sync,time_ipc,time_merge,time_post,speedup,efficiency,sequential_fraction_estimate,compute_ratio,sync_overhead_ratio,ipc_overhead_ratio,merge_overhead_ratio,throughput_batches_per_sec,total_trials,collision_count,hist_sum,checksum,valid,lock_wait_count,cond_wait_count,queue_push_count,queue_pop_count,ipc_write_count,ipc_read_count,ipc_bytes,notes
seq,1,seq,static,final,reduce,2,4,1000000,50,1000,1024,pipe,uniform,8,50000,10000,0.094505,0.000083,0.094344,0.000000,0.000000,0.000000,0.000079,0.000000,0.000000,0.001707,0.998292,0.000000,0.000000,0.000000,0.000000,1000000,529280,1000000,1026622357111743000,1,0,0,0,0,0,0,0,ok
thread_1_reduce,1,thread,static,final,reduce,2,1,1000000,50,1000,1024,pipe,uniform,8,50000,10000,0.099350,0.000068,0.099186,0.000000,0.000000,0.000000,0.000093,0.000000,0.000000,0.001629,0.998342,0.000000,0.000000,0.000004,0.000000,1000000,529280,1000000,1026622357111743000,1,0,0,0,0,0,0,0,ok
thread_2_reduce,1,thread,static,final,reduce,2,2,1000000,50,1000,1024,pipe,uniform,8,50000,10000,0.047410,0.000068,0.047239,0.000000,0.000000,0.000000,0.000098,0.000000,0.000000,0.003504,0.996405,0.000000,0.000000,0.000003,0.000000,1000000,529280,1000000,1026622357111743000,1,0,0,0,0,0,0,0,ok
thread_4_reduce,1,thread,static,final,reduce,2,4,1000000,50,1000,1024,pipe,uniform,8,50000,10000,0.026444,0.000089,0.026255,0.000000,0.000000,0.000000,0.000096,0.000000,0.000000,0.007004,0.992865,0.000000,0.000000,0.000006,0.000000,1000000,529280,1000000,1026622357111743000,1,0,0,0,0,0,0,0,ok
thread_8_reduce,1,thread,static,final,reduce,2,8,1000000,50,1000,1024,pipe,uniform,8,50000,10000,0.020660,0.000089,0.020476,0.000000,0.000000,0.000000,0.000091,0.000000,0.000000,0.008721,0.991094,0.000000,0.000000,0.000008,0.000000,1000000,529280,1000000,1026622357111743000,1,0,0,0,0,0,0,0,ok
thread_4_mutex,1,thread,static,final,mutex,2,4,1000000,50,1000,1024,pipe,uniform,8,50000,10000,0.168816,0.000076,0.168636,0.344065,0.000000,0.000000,0.000097,0.000000,0.000000,1.000000,0.998933,1.000000,0.000000,0.000000,0.000000,1000000,529280,1000000,1026622357111743000,1,1000000,0,0,0,0,0,0,ok
thread_4_nosync,1,thread,static,final,nosync,2,4,1000000,50,1000,1024,pipe,uniform,8,50000,10000,0.032550,0.000068,0.032388,0.000000,0.000000,0.000000,0.000089,0.000000,0.000000,0.004825,0.995013,0.000000,0.000000,0.000000,0.000000,369409,267260,613797,3215951947534679158,0,0,0,0,0,0,0,0,ok
process_1_pipe,1,process,static,final,reduce,1,4,1000000,50,1000,1024,pipe,uniform,8,50000,10000,0.102227,0.000076,0.000041,0.102025,0.000003,0.000000,0.000082,0.000000,0.000000,0.999599,0.000401,0.998028,0.000025,0.000000,9.782183,1000000,529280,1000000,1026622357111743000,1,0,0,0,0,0,1,64,ok
process_1_shm,1,process,static,final,reduce,1,4,1000000,50,1000,1024,shm,uniform,8,50000,10000,0.094760,0.000068,0.000064,0.094541,0.000000,0.000000,0.000087,0.000000,0.000000,0.999323,0.000677,0.997681,0.000001,0.000000,10.552943,1000000,529280,1000000,1026622357111743000,1,0,0,0,0,0,1,64,ok
process_2_pipe,1,process,static,final,reduce,2,4,1000000,50,1000,1024,pipe,uniform,8,50000,10000,0.063470,0.000068,0.000094,0.063224,0.000003,0.000000,0.000081,0.000000,0.000000,0.998524,0.001476,0.996135,0.000047,0.000001,31.511074,1000000,529280,1000000,1026622357111743000,1,0,0,0,0,0,2,128,ok
process_2_shm,1,process,static,final,reduce,2,4,1000000,50,1000,1024,shm,uniform,8,50000,10000,0.052747,0.000071,0.000099,0.052485,0.000000,0.000000,0.000091,0.000000,0.000000,0.998116,0.001884,0.995046,0.000002,0.000001,37.917118,1000000,529280,1000000,1026622357111743000,1,0,0,0,0,0,2,128,ok
process_4_pipe,1,process,static,final,reduce,4,4,1000000,50,1000,1024,pipe,uniform,8,50000,10000,0.031643,0.000068,0.000160,0.031323,0.000003,0.000000,0.000089,0.000000,0.000000,0.994944,0.005056,0.989868,0.000111,0.000001,126.409102,1000000,529280,1000000,1026622357111743000,1,0,0,0,0,0,4,256,ok
process_4_shm,1,process,static,final,reduce,4,4,1000000,50,1000,1024,shm,uniform,8,50000,10000,0.027711,0.000072,0.000208,0.027339,0.000000,0.000000,0.000092,0.000000,0.000000,0.992487,0.007513,0.986555,0.000006,0.000005,144.345708,1000000,529280,1000000,1026622357111743000,1,0,0,0,0,0,4,256,ok
hybrid_2x2,1,hybrid,static,final,reduce,2,2,1000000,50,1000,1024,pipe,uniform,8,50000,10000,0.028586,0.000068,0.000123,0.028310,0.000001,0.000000,0.000083,0.000000,0.000000,0.995701,0.004299,0.990361,0.000048,0.000003,69.965439,1000000,529280,1000000,1026622357111743000,1,0,0,0,0,0,2,128,ok
hybrid_2x4,1,hybrid,static,final,reduce,2,4,1000000,50,1000,1024,pipe,uniform,8,50000,10000,0.023826,0.000083,0.000077,0.023574,0.000002,0.000000,0.000090,0.000000,0.000000,0.996756,0.003244,0.989397,0.000096,0.000002,83.940739,1000000,529280,1000000,1026622357111743000,1,0,0,0,0,0,2,128,ok
hybrid_4x2,1,hybrid,static,final,reduce,4,2,1000000,50,1000,1024,pipe,uniform,8,50000,10000,0.026185,0.000076,0.000132,0.025881,0.000004,0.000000,0.000091,0.000000,0.000000,0.994943,0.005057,0.988413,0.000134,0.000005,152.759943,1000000,529280,1000000,1026622357111743000,1,0,0,0,0,0,4,256,ok
hybrid_2x4_shm,1,hybrid,static,final,reduce,2,4,1000000,50,1000,1024,shm,uniform,8,50000,10000,0.023919,0.000076,0.000087,0.023674,0.000000,0.000000,0.000081,0.000000,0.000000,0.996344,0.003656,0.989767,0.000003,0.000002,83.616120,1000000,529280,1000000,1026622357111743000,1,0,0,0,0,0,2,128,ok
pipeline_final_b1000,1,pipeline,queue,final,reduce,2,4,1000000,50,1000,1024,pipe,uniform,8,50000,10000,0.027628,0.000098,0.026587,0.000083,0.000000,0.000002,0.000085,0.000000,0.000000,0.009723,0.962322,0.002993,0.000000,0.000089,36195.055589,1000000,529280,1000000,1026622357111743000,1,2004,0,1000,1000,0,0,0,ok
pipeline_interactive_b1000,1,pipeline,queue,interactive,reduce,2,4,1000000,50,1000,1024,pipe,uniform,8,50000,10000,0.028964,0.000083,0.028757,0.030426,0.000000,0.000070,0.000079,0.000000,0.000000,1.000000,0.992868,1.000000,0.000000,0.002416,34525.569136,1000000,529280,1000000,1026622357111743000,1,4005,656,2000,2000,0,0,0,ok
pipeline_interactive_b100,1,pipeline,queue,interactive,reduce,2,4,1000000,50,100,1024,pipe,uniform,8,50000,10000,0.056712,0.000152,0.056451,0.178080,0.000000,0.000614,0.000095,0.000000,0.000000,1.000000,0.995399,1.000000,0.000000,0.010824,176328.877902,1000000,529280,1000000,1026622357111743000,1,40005,3428,20000,20000,0,0,0,ok
pipeline_interactive_b10000,1,pipeline,queue,interactive,reduce,2,4,1000000,50,10000,1024,pipe,uniform,8,50000,10000,0.029191,0.000079,0.029007,0.028800,0.000000,0.000009,0.000091,0.000000,0.000000,0.992733,0.993691,0.986602,0.000000,0.000321,3425.654728,1000000,529280,1000000,1026622357111743000,1,405,71,200,200,0,0,0,ok
seq,2,seq,static,final,reduce,2,4,1000000,50,1000,1024,pipe,uniform,8,50000,10000,0.095518,0.000076,0.095360,0.000000,0.000000,0.000000,0.000082,0.000000,0.000000,0.001654,0.998345,0.000000,0.000000,0.000000,0.000000,1000000,529280,1000000,1026622357111743000,1,0,0,0,0,0,0,0,ok
thread_1_reduce,2,thread,static,final,reduce,2,1,1000000,50,1000,1024,pipe,uniform,8,50000,10000,0.093213,0.000068,0.093054,0.000000,0.000000,0.000000,0.000089,0.000000,0.000000,0.001681,0.998287,0.000000,0.000000,0.000001,0.000000,1000000,529280,1000000,1026622357111743000,1,0,0,0,0,0,0,0,ok
thread_2_reduce,2,thread,static,final,reduce,2,2,1000000,50,1000,1024,pipe,uniform,8,50000,10000,0.048050,0.000093,0.047853,0.000000,0.000000,0.000000,0.000100,0.000000,0.000000,0.004024,0.995901,0.000000,0.000000,0.000003,0.000000,1000000,529280,1000000,1026622357111743000,1,0,0,0,0,0,0,0,ok
thread_4_reduce,2,thread,static,final,reduce,2,4,1000000,50,1000,1024,pipe,uniform,8,50000,10000,0.026171,0.000069,0.026004,0.000000,0.000000,0.000000,0.000094,0.000000,0.000000,0.006258,0.993609,0.000000,0.000000,0.000003,0.000000,1000000,529280,1000000,1026622357111743000,1,0,0,0,0,0,0,0,ok
thread_8_reduce,2,thread,static,final,reduce,2,8,1000000,50,1000,1024,pipe,uniform,8,50000,10000,0.020345,0.000068,0.020181,0.000000,0.000000,0.000000,0.000093,0.000000,0.000000,0.007928,0.991951,0.000000,0.000000,0.000012,0.000000,1000000,529280,1000000,1026622357111743000,1,0,0,0,0,0,0,0,ok
thread_4_mutex,2,thread,static,final,mutex,2,4,1000000,50,1000,1024,pipe,uniform,8,50000,10000,0.202660,0.000068,0.202501,0.426651,0.000000,0.000000,0.000089,0.000000,0.000000,1.000000,0.999217,1.000000,0.000000,0.000000,0.000000,1000000,529280,1000000,1026622357111743000,1,1000000,0,0,0,0,0,0,ok
thread_4_nosync,2,thread,static,final,nosync,2,4,1000000,50,1000,1024,pipe,uniform,8,50000,10000,0.030123,0.000078,0.029946,0.000000,0.000000,0.000000,0.000094,0.000000,0.000000,0.005706,0.994131,0.000000,0.000000,0.000001,0.000000,331036,248519,585934,5816770715649791871,0,0,0,0,0,0,0,0,ok
process_1_pipe,2,process,static,final,reduce,1,4,1000000,50,1000,1024,pipe,uniform,8,50000,10000,0.091352,0.000076,0.000031,0.091161,0.000001,0.000000,0.000082,0.000000,0.000000,0.999660,0.000340,0.997914,0.000012,0.000000,10.946703,1000000,529280,1000000,1026622357111743000,1,0,0,0,0,0,1,64,ok
process_1_shm,2,process,static,final,reduce,1,4,1000000,50,1000,1024,shm,uniform,8,50000,10000,0.091425,0.000068,0.000044,0.091221,0.000000,0.000000,0.000091,0.000000,0.000000,0.999518,0.000482,0.997774,0.000001,0.000000,10.937937,1000000,529280,1000000,1026622357111743000,1,0,0,0,0,0,1,64,ok
process_2_pipe,2,process,static,final,reduce,2,4,1000000,50,1000,1024,pipe,uniform,8,50000,10000,0.046882,0.000068,0.000113,0.046609,0.000001,0.000001,0.000090,0.000000,0.000000,0.997600,0.002400,0.994177,0.000028,0.000021,42.660334,1000000,529280,1000000,1026622357111743000,1,0,0,0,0,0,2,128,ok
process_2_shm,2,process,static,final,reduce,2,4,1000000,50,1000,1024,shm,uniform,8,50000,10000,0.047089,0.000074,0.000065,0.046866,0.000000,0.000000,0.000084,0.000000,0.000000,0.998613,0.001387,0.995252,0.000002,0.000002,42.472577,1000000,529280,1000000,1026622357111743000,1,0,0,0,0,0,2,128,ok
process_4_pipe,2,process,static,final,reduce,4,4,1000000,50,1000,1024,pipe,uniform,8,50000,10000,0.026813,0.000092,0.000153,0.026480,0.000002,0.000000,0.000087,0.000000,0.000000,0.994311,0.005689,0.987565,0.000084,0.000005,149.181595,1000000,529280,1000000,1026622357111743000,1,0,0,0,0,0,4,256,ok
process_4_shm,2,process,static,final,reduce,4,4,1000000,50,1000,1024,shm,uniform,8,50000,10000,0.026385,0.000068,0.000108,0.026127,0.000000,0.000000,0.000082,0.000000,0.000000,0.995901,0.004099,0.990211,0.000006,0.000005,151.598898,1000000,529280,1000000,1026622357111743000,1,0,0,0,0,0,4,256,ok
hybrid_2x2,2,hybrid,static,final,reduce,2,2,1000000,50,1000,1024,pipe,uniform,8,50000,10000,0.026743,0.000068,0.000058,0.026534,0.000001,0.000000,0.000082,0.000000,0.000000,0.997833,0.002167,0.992194,0.000044,0.000003,74.785690,1000000,529280,1000000,1026622357111743000,1,0,0,0,0,0,2,128,ok
hybrid_2x4,2,hybrid,static,final,reduce,2,4,1000000,50,1000,1024,pipe,uniform,8,50000,10000,0.022313,0.000068,0.000062,0.022073,0.000002,0.000000,0.000109,0.000000,0.000000,0.997227,0.002773,0.989224,0.000075,0.000002,89.632171,1000000,529280,1000000,1026622357111743000,1,0,0,0,0,0,2,128,ok
hybrid_4x2,2,hybrid,static,final,reduce,4,2,1000000,50,1000,1024,pipe,uniform,8,50000,10000,0.020545,0.000076,0.000160,0.020216,0.000002,0.000000,0.000090,0.000000,0.000000,0.992206,0.007794,0.983993,0.000122,0.000010,194.692204,1000000,529280,1000000,1026622357111743000,1,0,0,0,0,0,4,256,ok
hybrid_2x4_shm,2,hybrid,static,final,reduce,2,4,1000000,50,1000,1024,shm,uniform,8,50000,10000,0.020553,0.000089,0.000063,0.020321,0.000000,0.000000,0.000080,0.000000,0.000000,0.996917,0.003083,0.988706,0.000008,0.000002,97.309395,1000000,529280,1000000,1026622357111743000,1,0,0,0,0,0,2,128,ok
pipeline_final_b1000,2,pipeline,queue,final,reduce,2,4,1000000,50,1000,1024,pipe,uniform,8,50000,10000,0.026157,0.000076,0.025959,0.000058,0.000000,0.000003,0.000084,0.000000,0.000000,0.008389,0.992407,0.002199,0.000000,0.000096,38230.135860,1000000,529280,1000000,1026622357111743000,1,2004,0,1000,1000,0,0,0,ok
pipeline_interactive_b1000,2,pipeline,queue,interactive,reduce,2,4,1000000,50,1000,1024,pipe,uniform,8,50000,10000,0.028883,0.000086,0.028683,0.031398,0.000000,0.000107,0.000086,0.000000,0.000000,1.000000,0.993103,1.000000,0.000000,0.003698,34622.942138,1000000,529280,1000000,1026622357111743000,1,4005,645,2000,2000,0,0,0,ok
pipeline_interactive_b100,2,pipeline,queue,interactive,reduce,2,4,1000000,50,100,1024,pipe,uniform,8,50000,10000,0.063627,0.000365,0.063139,0.208788,0.000000,0.000771,0.000099,0.000000,0.000000,1.000000,0.992339,1.000000,0.000000,0.012116,157166.395505,1000000,529280,1000000,1026622357111743000,1,40005,4374,20000,20000,0,0,0,ok
pipeline_interactive_b10000,2,pipeline,queue,interactive,reduce,2,4,1000000,50,10000,1024,pipe,uniform,8,50000,10000,0.026360,0.000072,0.026176,0.026386,0.000000,0.000006,0.000097,0.000000,0.000000,1.000000,0.993025,1.000000,0.000000,0.000240,3793.584828,1000000,529280,1000000,1026622357111743000,1,405,55,200,200,0,0,0,ok
seq,3,seq,static,final,reduce,2,4,1000000,50,1000,1024,pipe,uniform,8,50000,10000,0.092618,0.000076,0.092463,0.000000,0.000000,0.000000,0.000079,0.000000,0.000000,0.001665,0.998333,0.000000,0.000000,0.000000,0.000000,1000000,529280,1000000,1026622357111743000,1,0,0,0,0,0,0,0,ok
thread_1_reduce,3,thread,static,final,reduce,2,1,1000000,50,1000,1024,pipe,uniform,8,50000,10000,0.093365,0.000070,0.093204,0.000000,0.000000,0.000000,0.000089,0.000000,0.000000,0.001696,0.998274,0.000000,0.000000,0.000002,0.000000,1000000,529280,1000000,1026622357111743000,1,0,0,0,0,0,0,0,ok
thread_2_reduce,3,thread,static,final,reduce,2,2,1000000,50,1000,1024,pipe,uniform,8,50000,10000,0.048394,0.000076,0.048220,0.000000,0.000000,0.000000,0.000094,0.000000,0.000000,0.003520,0.996413,0.000000,0.000000,0.000004,0.000000,1000000,529280,1000000,1026622357111743000,1,0,0,0,0,0,0,0,ok
thread_4_reduce,3,thread,static,final,reduce,2,4,1000000,50,1000,1024,pipe,uniform,8,50000,10000,0.026925,0.000068,0.026765,0.000000,0.000000,0.000000,0.000089,0.000000,0.000000,0.005839,0.994038,0.000000,0.000000,0.000003,0.000000,1000000,529280,1000000,1026622357111743000,1,0,0,0,0,0,0,0,ok
thread_8_reduce,3,thread,static,final,reduce,2,8,1000000,50,1000,1024,pipe,uniform,8,50000,10000,0.021150,0.000076,0.020978,0.000000,0.000000,0.000000,0.000092,0.000000,0.000000,0.007955,0.991895,0.000000,0.000000,0.000012,0.000000,1000000,529280,1000000,1026622357111743000,1,0,0,0,0,0,0,0,ok
thread_4_mutex,3,thread,static,final,mutex,2,4,1000000,50,1000,1024,pipe,uniform,8,50000,10000,0.178478,0.000092,0.178288,0.363975,0.000000,0.000000,0.000094,0.000000,0.000000,1.000000,0.998938,1.000000,0.000000,0.000000,0.000000,1000000,529280,1000000,1026622357111743000,1,1000000,0,0,0,0,0,0,ok
thread_4_nosync,3,thread,static,final,nosync,2,4,1000000,50,1000,1024,pipe,uniform,8,50000,10000,0.029212,0.000068,0.029039,0.000000,0.000000,0.000000,0.000102,0.000000,0.000000,0.005821,0.994069,0.000000,0.000000,0.000000,0.000000,538861,357289,761474,10485145314887854548,0,0,0,0,0,0,0,0,ok
process_1_pipe,3,process,static,final,reduce,1,4,1000000,50,1000,1024,pipe,uniform,8,50000,10000,0.094471,0.000082,0.000032,0.094272,0.000002,0.000000,0.000083,0.000000,0.000000,0.999661,0.000339,0.997892,0.000024,0.000000,10.585264,1000000,529280,1000000,1026622357111743000,1,0,0,0,0,0,1,64,ok
process_1_shm,3,process,static,final,reduce,1,4,1000000,50,1000,1024,shm,uniform,8,50000,10000,0.094920,0.000096,0.000033,0.094699,0.000000,0.000000,0.000092,0.000000,0.000000,0.999650,0.000350,0.997670,0.000001,0.000000,10.535155,1000000,529280,1000000,1026622357111743000,1,0,0,0,0,0,1,64,ok
process_2_pipe,3,process,static,final,reduce,2,4,1000000,50,1000,1024,pipe,uniform,8,50000,10000,0.047711,0.000068,0.000074,0.047486,0.000001,0.000000,0.000081,0.000000,0.000000,0.998439,0.001561,0.995284,0.000027,0.000002,41.919494,1000000,529280,1000000,1026622357111743000,1,0,0,0,0,0,2,128,ok
process_2_shm,3,process,static,final,reduce,2,4,1000000,50,1000,1024,shm,uniform,8,50000,10000,0.047207,0.000068,0.000058,0.046988,0.000000,0.000000,0.000092,0.000000,0.000000,0.998763,0.001237,0.995378,0.000003,0.000001,42.366972,1000000,529280,1000000,1026622357111743000,1,0,0,0,0,0,2,128,ok
process_4_pipe,3,process,static,final,reduce,4,4,1000000,50,1000,1024,pipe,uniform,8,50000,10000,0.026096,0.000096,0.000125,0.025767,0.000002,0.000000,0.000106,0.000000,0.000000,0.995221,0.004779,0.987416,0.000062,0.000002,153.282892,1000000,529280,1000000,1026622357111743000,1,0,0,0,0,0,4,256,ok
process_4_shm,3,process,static,final,reduce,4,4,1000000,50,1000,1024,shm,uniform,8,50000,10000,0.026125,0.000068,0.000122,0.025842,0.000000,0.000000,0.000092,0.000000,0.000000,0.995322,0.004678,0.989190,0.000008,0.000003,153.111267,1000000,529280,1000000,1026622357111743000,1,0,0,0,0,0,4,256,ok
hybrid_2x2,3,hybrid,static,final,reduce,2,2,1000000,50,1000,1024,pipe,uniform,8,50000,10000,0.026243,0.000075,0.000055,0.026032,0.000001,0.000000,0.000079,0.000000,0.000000,0.997911,0.002089,0.991990,0.000035,0.000003,76.212010,1000000,529280,1000000,1026622357111743000,1,0,0,0,0,0,2,128,ok
hybrid_2x4,3,hybrid,static,final,reduce,2,4,1000000,50,1000,1024,pipe,uniform,8,50000,10000,0.021720,0.000068,0.000055,0.021513,0.000001,0.000000,0.000083,0.000000,0.000000,0.997475,0.002525,0.990466,0.000046,0.000004,92.080145,1000000,529280,1000000,1026622357111743000,1,0,0,0,0,0,2,128,ok
hybrid_4x2,3,hybrid,static,final,reduce,4,2,1000000,50,1000,1024,pipe,uniform,8,50000,10000,0.017809,0.000068,0.000097,0.017549,0.000002,0.000000,0.000093,0.000000,0.000000,0.994537,0.005463,0.985382,0.000129,0.000005,224.607113,1000000,529280,1000000,1026622357111743000,1,0,0,0,0,0,4,256,ok
hybrid_2x4_shm,3,hybrid,static,final,reduce,2,4,1000000,50,1000,1024,shm,uniform,8,50000,10000,0.019356,0.000068,0.000054,0.019148,0.000000,0.000000,0.000086,0.000000,0.000000,0.997221,0.002779,0.989252,0.000006,0.000002,103.324913,1000000,529280,1000000,1026622357111743000,1,0,0,0,0,0,2,128,ok
pipeline_final_b1000,3,pipeline,queue,final,reduce,2,4,1000000,50,1000,1024,pipe,uniform,8,50000,10000,0.026119,0.000074,0.025931,0.000069,0.000000,0.000003,0.000090,0.000000,0.000000,0.009058,0.992800,0.002658,0.000000,0.000110,38286.793120,1000000,529280,1000000,1026622357111743000,1,2004,0,1000,1000,0,0,0,ok
pipeline_interactive_b1000,3,pipeline,queue,interactive,reduce,2,4,1000000,50,1000,1024,pipe,uniform,8,50000,10000,0.027637,0.000074,0.027420,0.028578,0.000000,0.000056,0.000095,0.000000,0.000000,1.000000,0.992148,1.000000,0.000000,0.002025,36183.158715,1000000,529280,1000000,1026622357111743000,1,4005,754,2000,2000,0,0,0,ok
pipeline_interactive_b100,3,pipeline,queue,interactive,reduce,2,4,1000000,50,100,1024,pipe,uniform,8,50000,10000,0.066561,0.000148,0.066305,0.223952,0.000000,0.000629,0.000081,0.000000,0.000000,1.000000,0.996146,1.000000,0.000000,0.009455,150237.188464,1000000,529280,1000000,1026622357111743000,1,40005,4946,20000,20000,0,0,0,ok
pipeline_interactive_b10000,3,pipeline,queue,interactive,reduce,2,4,1000000,50,10000,1024,pipe,uniform,8,50000,10000,0.026443,0.000071,0.026278,0.026280,0.000000,0.000006,0.000082,0.000000,0.000000,0.999847,0.993744,0.993848,0.000000,0.000229,3781.695286,1000000,529280,1000000,1026622357111743000,1,405,55,200,200,0,0,0,ok
seq,4,seq,static,final,reduce,2,4,1000000,50,1000,1024,pipe,uniform,8,50000,10000,0.092328,0.000068,0.092181,0.000000,0.000000,0.000000,0.000079,0.000000,0.000000,0.001587,0.998412,0.000000,0.000000,0.000000,0.000000,1000000,529280,1000000,1026622357111743000,1,0,0,0,0,0,0,0,ok
thread_1_reduce,4,thread,static,final,reduce,2,1,1000000,50,1000,1024,pipe,uniform,8,50000,10000,0.092213,0.000068,0.092046,0.000000,0.000000,0.000000,0.000096,0.000000,0.000000,0.001778,0.998190,0.000000,0.000000,0.000002,0.000000,1000000,529280,1000000,1026622357111743000,1,0,0,0,0,0,0,0,ok
thread_2_reduce,4,thread,static,final,reduce,2,2,1000000,50,1000,1024,pipe,uniform,8,50000,10000,0.047926,0.000068,0.047762,0.000000,0.000000,0.000000,0.000092,0.000000,0.000000,0.003350,0.996589,0.000000,0.000000,0.000003,0.000000,1000000,529280,1000000,1026622357111743000,1,0,0,0,0,0,0,0,ok
thread_4_reduce,4,thread,static,final,reduce,2,4,1000000,50,1000,1024,pipe,uniform,8,50000,10000,0.026984,0.000068,0.026818,0.000000,0.000000,0.000000,0.000096,0.000000,0.000000,0.006079,0.993825,0.000000,0.000000,0.000006,0.000000,1000000,529280,1000000,1026622357111743000,1,0,0,0,0,0,0,0,ok
thread_8_reduce,4,thread,static,final,reduce,2,8,1000000,50,1000,1024,pipe,uniform,8,50000,10000,0.021028,0.000079,0.020853,0.000000,0.000000,0.000000,0.000092,0.000000,0.000000,0.008128,0.991713,0.000000,0.000000,0.000008,0.000000,1000000,529280,1000000,1026622357111743000,1,0,0,0,0,0,0,0,ok
thread_4_mutex,4,thread,static,final,mutex,2,4,1000000,50,1000,1024,pipe,uniform,8,50000,10000,0.213113,0.000088,0.212907,0.454179,0.000000,0.000000,0.000115,0.000000,0.000000,1.000000,0.999031,1.000000,0.000000,0.000000,0.000000,1000000,529280,1000000,1026622357111743000,1,1000000,0,0,0,0,0,0,ok
thread_4_nosync,4,thread,static,final,nosync,2,4,1000000,50,1000,1024,pipe,uniform,8,50000,10000,0.039842,0.000076,0.039664,0.000000,0.000000,0.000000,0.000097,0.000000,0.000000,0.004344,0.995519,0.000000,0.000000,0.000001,0.000000,482773,329754,704416,1065631878176961921,0,0,0,0,0,0,0,0,ok
process_1_pipe,4,process,static,final,reduce,1,4,1000000,50,1000,1024,pipe,uniform,8,50000,10000,0.110757,0.000078,0.000052,0.110536,0.000006,0.000000,0.000085,0.000000,0.000000,0.999532,0.000468,0.998012,0.000050,0.000000,9.028812,1000000,529280,1000000,1026622357111743000,1,0,0,0,0,0,1,64,ok
process_1_shm,4,process,static,final,reduce,1,4,1000000,50,1000,1024,shm,uniform,8,50000,10000,0.111675,0.000076,0.000049,0.111441,0.000000,0.000000,0.000108,0.000000,0.000000,0.999563,0.000437,0.997908,0.000002,0.000000,8.954559,1000000,529280,1000000,1026622357111743000,1,0,0,0,0,0,1,64,ok
process_2_pipe,4,process,static,final,reduce,2,4,1000000,50,1000,1024,pipe,uniform,8,50000,10000,0.053929,0.000076,0.000066,0.053693,0.000002,0.000000,0.000091,0.000000,0.000000,0.998780,0.001220,0.995630,0.000045,0.000001,37.085798,1000000,529280,1000000,1026622357111743000,1,0,0,0,0,0,2,128,ok
process_2_shm,4,process,static,final,reduce,2,4,1000000,50,1000,1024,shm,uniform,8,50000,10000,0.057350,0.000087,0.000118,0.057056,0.000000,0.000000,0.000090,0.000000,0.000000,0.997946,0.002054,0.994862,0.000002,0.000001,34.873330,1000000,529280,1000000,1026622357111743000,1,0,0,0,0,0,2,128,ok
process_4_pipe,4,process,static,final,reduce,4,4,1000000,50,1000,1024,pipe,uniform,8,50000,10000,0.035213,0.000111,0.000155,0.034860,0.000003,0.000000,0.000084,0.000000,0.000000,0.995585,0.004415,0.989989,0.000072,0.000002,113.594814,1000000,529280,1000000,1026622357111743000,1,0,0,0,0,0,4,256,ok
process_4_shm,4,process,static,final,reduce,4,4,1000000,50,1000,1024,shm,uniform,8,50000,10000,0.033820,0.000076,0.000140,0.033515,0.000000,0.000000,0.000089,0.000000,0.000000,0.995875,0.004125,0.990971,0.000004,0.000001,118.272774,1000000,529280,1000000,1026622357111743000,1,0,0,0,0,0,4,256,ok
hybrid_2x2,4,hybrid,static,final,reduce,2,2,1000000,50,1000,1024,pipe,uniform,8,50000,10000,0.033593,0.000082,0.000057,0.033363,0.000002,0.000000,0.000089,0.000000,0.000000,0.998317,0.001683,0.993157,0.000067,0.000002,59.536138,1000000,529280,1000000,1026622357111743000,1,0,0,0,0,0,2,128,ok
hybrid_2x4,4,hybrid,static,final,reduce,2,4,1000000,50,1000,1024,pipe,uniform,8,50000,10000,0.022967,0.000076,0.000068,0.022731,0.000002,0.000000,0.000090,0.000000,0.000000,0.997023,0.002977,0.989717,0.000073,0.000002,87.080676,1000000,529280,1000000,1026622357111743000,1,0,0,0,0,0,2,128,ok
hybrid_4x2,4,hybrid,static,final,reduce,4,2,1000000,50,1000,1024,pipe,uniform,8,50000,10000,0.030940,0.000106,0.000144,0.030578,0.000003,0.000000,0.000109,0.000000,0.000000,0.995352,0.004648,0.988284,0.000106,0.000004,129.282311,1000000,529280,1000000,1026622357111743000,1,0,0,0,0,0,4,256,ok
hybrid_2x4_shm,4,hybrid,static,final,reduce,2,4,1000000,50,1000,1024,shm,uniform,8,50000,10000,0.023405,0.000076,0.000074,0.023162,0.000000,0.000000,0.000092,0.000000,0.000000,0.996856,0.003144,0.989649,0.000007,0.000004,85.453046,1000000,529280,1000000,1026622357111743000,1,0,0,0,0,0,2,128,ok
pipeline_final_b1000,4,pipeline,queue,final,reduce,2,4,1000000,50,1000,1024,pipe,uniform,8,50000,10000,0.033538,0.000085,0.033341,0.000253,0.000000,0.000003,0.000082,0.000000,0.000000,0.012599,0.994109,0.007534,0.000000,0.000080,29816.479568,1000000,529280,1000000,1026622357111743000,1,2004,0,1000,1000,0,0,0,ok
pipeline_interactive_b1000,4,pipeline,queue,interactive,reduce,2,4,1000000,50,1000,1024,pipe,uniform,8,50000,10000,0.030620,0.000115,0.030357,0.031793,0.000000,0.000090,0.000098,0.000000,0.000000,1.000000,0.991407,1.000000,0.000000,0.002954,32658.216157,1000000,529280,1000000,1026622357111743000,1,4005,711,2000,2000,0,0,0,ok
pipeline_interactive_b100,4,pipeline,queue,interactive,reduce,2,4,1000000,50,100,1024,pipe,uniform,8,50000,10000,0.060534,0.000228,0.060143,0.194830,0.000000,0.000809,0.000095,0.000000,0.000000,1.000000,0.993547,1.000000,0.000000,0.013365,165196.986173,1000000,529280,1000000,1026622357111743000,1,40005,4093,20000,20000,0,0,0,ok
pipeline_interactive_b10000,4,pipeline,queue,interactive,reduce,2,4,1000000,50,10000,1024,pipe,uniform,8,50000,10000,0.026725,0.000071,0.026555,0.026537,0.000000,0.000006,0.000085,0.000000,0.000000,0.999030,0.993641,0.992967,0.000000,0.000209,3741.803159,1000000,529280,1000000,1026622357111743000,1,405,75,200,200,0,0,0,ok
seq,5,seq,static,final,reduce,2,4,1000000,50,1000,1024,pipe,uniform,8,50000,10000,0.098036,0.000068,0.097878,0.000000,0.000000,0.000000,0.000089,0.000000,0.000000,0.001603,0.998395,0.000000,0.000000,0.000000,0.000000,1000000,529280,1000000,1026622357111743000,1,0,0,0,0,0,0,0,ok
thread_1_reduce,5,thread,static,final,reduce,2,1,1000000,50,1000,1024,pipe,uniform,8,50000,10000,0.097748,0.000076,0.097579,0.000000,0.000000,0.000000,0.000089,0.000000,0.000000,0.001697,0.998271,0.000000,0.000000,0.000003,0.000000,1000000,529280,1000000,1026622357111743000,1,0,0,0,0,0,0,0,ok
thread_2_reduce,5,thread,static,final,reduce,2,2,1000000,50,1000,1024,pipe,uniform,8,50000,10000,0.050960,0.000076,0.050789,0.000000,0.000000,0.000000,0.000091,0.000000,0.000000,0.003280,0.996647,0.000000,0.000000,0.000003,0.000000,1000000,529280,1000000,1026622357111743000,1,0,0,0,0,0,0,0,ok
thread_4_reduce,5,thread,static,final,reduce,2,4,1000000,50,1000,1024,pipe,uniform,8,50000,10000,0.029484,0.000068,0.029323,0.000000,0.000000,0.000000,0.000089,0.000000,0.000000,0.005345,0.994530,0.000000,0.000000,0.000007,0.000000,1000000,529280,1000000,1026622357111743000,1,0,0,0,0,0,0,0,ok
thread_8_reduce,5,thread,static,final,reduce,2,8,1000000,50,1000,1024,pipe,uniform,8,50000,10000,0.022374,0.000076,0.022209,0.000000,0.000000,0.000000,0.000085,0.000000,0.000000,0.007205,0.992629,0.000000,0.000000,0.000011,0.000000,1000000,529280,1000000,1026622357111743000,1,0,0,0,0,0,0,0,ok
thread_4_mutex,5,thread,static,final,mutex,2,4,1000000,50,1000,1024,pipe,uniform,8,50000,10000,0.178276,0.000122,0.178061,0.369405,0.000000,0.000000,0.000088,0.000000,0.000000,1.000000,0.998798,1.000000,0.000000,0.000001,0.000000,1000000,529280,1000000,1026622357111743000,1,1000000,0,0,0,0,0,0,ok
thread_4_nosync,5,thread,static,final,nosync,2,4,1000000,50,1000,1024,pipe,uniform,8,50000,10000,0.038828,0.000076,0.038629,0.000000,0.000000,0.000000,0.000119,0.000000,0.000000,0.005027,0.994871,0.000000,0.000000,0.000002,0.000000,342999,235117,539277,11690149390227133649,0,0,0,0,0,0,0,0,ok
process_1_pipe,5,process,static,final,reduce,1,4,1000000,50,1000,1024,pipe,uniform,8,50000,10000,0.099116,0.000076,0.000037,0.098914,0.000004,0.000000,0.000085,0.000000,0.000000,0.999631,0.000369,0.997968,0.000037,0.000000,10.089210,1000000,529280,1000000,1026622357111743000,1,0,0,0,0,0,1,64,ok
process_1_shm,5,process,static,final,reduce,1,4,1000000,50,1000,1024,shm,uniform,8,50000,10000,0.098336,0.000072,0.000063,0.098117,0.000000,0.000000,0.000084,0.000000,0.000000,0.999358,0.000642,0.997765,0.000002,0.000001,10.169186,1000000,529280,1000000,1026622357111743000,1,0,0,0,0,0,1,64,ok
process_2_pipe,5,process,static,final,reduce,2,4,1000000,50,1000,1024,pipe,uniform,8,50000,10000,0.051254,0.000076,0.000063,0.051022,0.000002,0.000000,0.000090,0.000000,0.000000,0.998762,0.001238,0.995480,0.000046,0.000001,39.021503,1000000,529280,1000000,1026622357111743000,1,0,0,0,0,0,2,128,ok
process_2_shm,5,process,static,final,reduce,2,4,1000000,50,1000,1024,shm,uniform,8,50000,10000,0.050784,0.000068,0.000074,0.050548,0.000000,0.000000,0.000093,0.000000,0.000000,0.998536,0.001464,0.995360,0.000002,0.000002,39.382677,1000000,529280,1000000,1026622357111743000,1,0,0,0,0,0,2,128,ok
process_4_pipe,5,process,static,final,reduce,4,4,1000000,50,1000,1024,pipe,uniform,8,50000,10000,0.031647,0.000068,0.000104,0.031374,0.000003,0.000001,0.000097,0.000000,0.000000,0.996709,0.003291,0.991349,0.000100,0.000042,126.392953,1000000,529280,1000000,1026622357111743000,1,0,0,0,0,0,4,256,ok
process_4_shm,5,process,static,final,reduce,4,4,1000000,50,1000,1024,shm,uniform,8,50000,10000,0.028306,0.000068,0.000107,0.028019,0.000000,0.000000,0.000111,0.000000,0.000000,0.996205,0.003795,0.989861,0.000003,0.000001,141.312586,1000000,529280,1000000,1026622357111743000,1,0,0,0,0,0,4,256,ok
hybrid_2x2,5,hybrid,static,final,reduce,2,2,1000000,50,1000,1024,pipe,uniform,8,50000,10000,0.032246,0.000076,0.000079,0.032003,0.000003,0.000000,0.000085,0.000000,0.000000,0.997564,0.002436,0.992472,0.000094,0.000003,62.023597,1000000,529280,1000000,1026622357111743000,1,0,0,0,0,0,2,128,ok
hybrid_2x4,5,hybrid,static,final,reduce,2,4,1000000,50,1000,1024,pipe,uniform,8,50000,10000,0.021510,0.000098,0.000061,0.021259,0.000002,0.000000,0.000090,0.000000,0.000000,0.997160,0.002840,0.988333,0.000103,0.000004,92.981630,1000000,529280,1000000,1026622357111743000,1,0,0,0,0,0,2,128,ok
hybrid_4x2,5,hybrid,static,final,reduce,4,2,1000000,50,1000,1024,pipe,uniform,8,50000,10000,0.023075,0.000076,0.000153,0.022763,0.000002,0.000000,0.000080,0.000000,0.000000,0.993373,0.006627,0.986486,0.000105,0.000004,173.349026,1000000,529280,1000000,1026622357111743000,1,0,0,0,0,0,4,256,ok
hybrid_2x4_shm,5,hybrid,static,final,reduce,2,4,1000000,50,1000,1024,shm,uniform,8,50000,10000,0.022751,0.000068,0.000062,0.022519,0.000000,0.000002,0.000100,0.000000,0.000000,0.997266,0.002734,0.989819,0.000005,0.000068,87.909673,1000000,529280,1000000,1026622357111743000,1,0,0,0,0,0,2,128,ok
pipeline_final_b1000,5,pipeline,queue,final,reduce,2,4,1000000,50,1000,1024,pipe,uniform,8,50000,10000,0.033854,0.000098,0.033639,0.000120,0.000000,0.000003,0.000091,0.000000,0.000000,0.009225,0.993636,0.003545,0.000000,0.000089,29538.643606,1000000,529280,1000000,1026622357111743000,1,2004,0,1000,1000,0,0,0,ok
pipeline_interactive_b1000,5,pipeline,queue,interactive,reduce,2,4,1000000,50,1000,1024,pipe,uniform,8,50000,10000,0.034890,0.000090,0.034675,0.036106,0.000000,0.000046,0.000088,0.000000,0.000000,1.000000,0.993816,1.000000,0.000000,0.001316,28661.131361,1000000,529280,1000000,1026622357111743000,1,4005,524,2000,2000,0,0,0,ok
pipeline_interactive_b100,5,pipeline,queue,interactive,reduce,2,4,1000000,50,100,1024,pipe,uniform,8,50000,10000,0.075610,0.000228,0.075228,0.242895,0.000000,0.000678,0.000134,0.000000,0.000000,1.000000,0.994947,1.000000,0.000000,0.008973,132257.272295,1000000,529280,1000000,1026622357111743000,1,40005,3845,20000,20000,0,0,0,ok
pipeline_interactive_b10000,5,pipeline,queue,interactive,reduce,2,4,1000000,50,10000,1024,pipe,uniform,8,50000,10000,0.032253,0.000082,0.032067,0.031959,0.000000,0.000011,0.000089,0.000000,0.000000,0.996527,0.994242,0.990880,0.000000,0.000330,3100.478798,1000000,529280,1000000,1026622357111743000,1,405,94,200,200,0,0,0,ok
