case_name,repeats,mode,sync,merge,processes,threads,ipc,workers,trials,steps,workload,skew_factor,pre_work,post_work,avg_time_total,min_time_total,stdev_time_total,avg_time_pre,avg_time_compute,avg_time_sync,avg_time_ipc,avg_time_merge,avg_time_post,speedup_vs_seq_avg,efficiency_vs_seq_avg,avg_sequential_fraction,avg_throughput_batches_per_sec,avg_lock_wait_count,avg_cond_wait_count,avg_queue_push_count,avg_queue_pop_count,avg_ipc_read_count,avg_ipc_bytes,valid_all,checksum_count,matches_seq_checksum
hybrid_2x2,5,hybrid,reduce,final,2,2,pipe,4,1000000,50,uniform,8,50000,10000,0.029482,0.026243,0.003292,0.000074,0.000074,0.029248,0.000002,0.000000,0.000084,3.209,0.802,0.997,68.5,0.0,0.0,0.0,0.0,2.0,128.0,1,1,1
hybrid_2x4,5,hybrid,reduce,final,2,4,pipe,8,1000000,50,uniform,8,50000,10000,0.022467,0.021510,0.000948,0.000079,0.000065,0.022230,0.000002,0.000000,0.000092,4.211,0.526,0.997,89.1,0.0,0.0,0.0,0.0,2.0,128.0,1,1,1
hybrid_2x4_shm,5,hybrid,reduce,final,2,4,shm,8,1000000,50,uniform,8,50000,10000,0.021997,0.019356,0.001956,0.000075,0.000068,0.021765,0.000000,0.000000,0.000088,4.301,0.538,0.997,91.5,0.0,0.0,0.0,0.0,2.0,128.0,1,1,1
hybrid_4x2,5,hybrid,reduce,final,4,2,pipe,8,1000000,50,uniform,8,50000,10000,0.023711,0.017809,0.005090,0.000080,0.000137,0.023397,0.000003,0.000000,0.000093,3.990,0.499,0.994,174.9,0.0,0.0,0.0,0.0,4.0,256.0,1,1,1
pipeline_final_b1000,5,pipeline,reduce,final,2,4,pipe,4,1000000,50,uniform,8,50000,10000,0.029459,0.026119,0.003917,0.000086,0.029091,0.000117,0.000000,0.000003,0.000086,3.211,0.803,0.010,34413.4,2004.0,0.0,1000.0,1000.0,0.0,0.0,1,1,1
pipeline_interactive_b100,5,pipeline,reduce,interactive,2,4,pipe,4,1000000,50,uniform,8,50000,10000,0.064609,0.056712,0.007155,0.000224,0.064253,0.209709,0.000000,0.000700,0.000101,1.464,0.366,1.000,156237.3,40005.0,4137.2,20000.0,20000.0,0.0,0.0,1,1,1
pipeline_interactive_b1000,5,pipeline,reduce,interactive,2,4,pipe,4,1000000,50,uniform,8,50000,10000,0.030199,0.027637,0.002829,0.000090,0.029978,0.031660,0.000000,0.000074,0.000089,3.133,0.783,1.000,33330.2,4005.0,658.0,2000.0,2000.0,0.0,0.0,1,1,1
pipeline_interactive_b10000,5,pipeline,reduce,interactive,2,4,pipe,4,1000000,50,uniform,8,50000,10000,0.028194,0.026360,0.002552,0.000075,0.028017,0.027992,0.000000,0.000008,0.000089,3.355,0.839,0.998,3568.6,405.0,70.0,200.0,200.0,0.0,0.0,1,1,1
process_1_pipe,5,process,reduce,final,1,4,pipe,1,1000000,50,uniform,8,50000,10000,0.099585,0.091352,0.007516,0.000078,0.000039,0.099382,0.000003,0.000000,0.000083,0.950,0.950,1.000,10.1,0.0,0.0,0.0,0.0,1.0,64.0,1,1,1
process_1_shm,5,process,reduce,final,1,4,shm,1,1000000,50,uniform,8,50000,10000,0.098223,0.091425,0.007907,0.000076,0.000051,0.098004,0.000000,0.000000,0.000092,0.963,0.963,0.999,10.2,0.0,0.0,0.0,0.0,1.0,64.0,1,1,1
process_2_pipe,5,process,reduce,final,2,4,pipe,2,1000000,50,uniform,8,50000,10000,0.052649,0.046882,0.006677,0.000071,0.000082,0.052407,0.000002,0.000000,0.000087,1.797,0.898,0.998,38.4,0.0,0.0,0.0,0.0,2.0,128.0,1,1,1
process_2_shm,5,process,reduce,final,2,4,shm,2,1000000,50,uniform,8,50000,10000,0.051035,0.047089,0.004275,0.000074,0.000083,0.050789,0.000000,0.000000,0.000090,1.854,0.927,0.998,39.4,0.0,0.0,0.0,0.0,2.0,128.0,1,1,1
process_4_pipe,5,process,reduce,final,4,4,pipe,4,1000000,50,uniform,8,50000,10000,0.030282,0.026096,0.003794,0.000087,0.000139,0.029961,0.000003,0.000000,0.000093,3.124,0.781,0.995,133.8,0.0,0.0,0.0,0.0,4.0,256.0,1,1,1
process_4_shm,5,process,reduce,final,4,4,shm,4,1000000,50,uniform,8,50000,10000,0.028469,0.026125,0.003125,0.000070,0.000137,0.028168,0.000000,0.000000,0.000093,3.323,0.831,0.995,141.7,0.0,0.0,0.0,0.0,4.0,256.0,1,1,1
seq,5,seq,reduce,final,2,4,pipe,1,1000000,50,uniform,8,50000,10000,0.094601,0.092328,0.002332,0.000074,0.094445,0.000000,0.000000,0.000000,0.000082,1.000,1.000,0.002,0.0,0.0,0.0,0.0,0.0,0.0,0.0,1,1,1
thread_1_reduce,5,thread,reduce,final,2,1,pipe,1,1000000,50,uniform,8,50000,10000,0.095178,0.092213,0.003160,0.000070,0.095014,0.000000,0.000000,0.000000,0.000091,0.994,0.994,0.002,0.0,0.0,0.0,0.0,0.0,0.0,0.0,1,1,1
thread_2_reduce,5,thread,reduce,final,2,2,pipe,2,1000000,50,uniform,8,50000,10000,0.048548,0.047410,0.001394,0.000076,0.048373,0.000000,0.000000,0.000000,0.000095,1.949,0.974,0.004,0.0,0.0,0.0,0.0,0.0,0.0,0.0,1,1,1
thread_4_mutex,5,thread,mutex,final,2,4,pipe,4,1000000,50,uniform,8,50000,10000,0.188269,0.168816,0.018698,0.000089,0.188079,0.391655,0.000000,0.000000,0.000097,0.502,0.126,1.000,0.0,1000000.0,0.0,0.0,0.0,0.0,0.0,1,1,1
thread_4_nosync,5,thread,nosync,final,2,4,pipe,4,1000000,50,uniform,8,50000,10000,0.034111,0.029212,0.004935,0.000073,0.033933,0.000000,0.000000,0.000000,0.000100,2.773,0.693,0.005,0.0,0.0,0.0,0.0,0.0,0.0,0.0,0,5,0
thread_4_reduce,5,thread,reduce,final,2,4,pipe,4,1000000,50,uniform,8,50000,10000,0.027202,0.026171,0.001320,0.000072,0.027033,0.000000,0.000000,0.000000,0.000093,3.478,0.869,0.006,0.0,0.0,0.0,0.0,0.0,0.0,0.0,1,1,1
thread_8_reduce,5,thread,reduce,final,2,8,pipe,8,1000000,50,uniform,8,50000,10000,0.021111,0.020345,0.000774,0.000078,0.020939,0.000000,0.000000,0.000000,0.000091,4.481,0.560,0.008,0.0,0.0,0.0,0.0,0.0,0.0,0.0,1,1,1
